Product_Name,Price_Bought,Quantity_Bought,Price_Sold,Quantity_Sold,Start_Date,End_Date
DMart Premia Sugar,310,354,299.41,267,29-03-2025,04-04-2025
DMart Premia Groundnut,121,469,115.06,457,29-03-2025,04-04-2025
DMart Premia Badam (Almonds),670,314,583.41,287,29-03-2025,04-04-2025
DMart Premia Jeera,108,699,102.22,649,29-03-2025,04-04-2025
DMart Premia Poha Jada,86,308,76.68,253,29-03-2025,04-04-2025
DMart Premia Regular Kaju (Cashews) - 320,706,481,663.61,462,29-03-2025,04-04-2025
Premium Jaggery,90,349,93.64,270,29-03-2025,04-04-2025
DMart Premia Kismis Indian (Raisins),281,327,270.8,251,29-03-2025,04-04-2025
DMart Premia Green Elaichi,326,442,309.33,349,29-03-2025,04-04-2025
DMart Premia Til White,127,491,129.21,416,29-03-2025,04-04-2025
DMart Premia Sabudana,77,662,70.48,520,29-03-2025,04-04-2025
DMart Premia Green Elaichi Economy,58,680,56.18,610,29-03-2025,04-04-2025
DMart Premia Akrod Magaj (Walnut Kernels),300,416,258.32,332,29-03-2025,04-04-2025
DMart Premia Black Pepper,172,307,173.14,258,29-03-2025,04-04-2025
DMart Premia Pista Plain (Pistachios),358,313,327.54,301,29-03-2025,04-04-2025
DMart Premia Dry Coconut,285,575,273.06,556,29-03-2025,04-04-2025
Keshar Premium Natural Jaggery Jar,125,623,113.26,572,29-03-2025,04-04-2025
DMart Premia Daliya,98,395,89.51,302,29-03-2025,04-04-2025
DMart Premia Dhaniya,141,439,138.95,425,29-03-2025,04-04-2025
DMart Premia Anjeer (Figs),256,690,248.71,629,29-03-2025,04-04-2025
DMart Premia Haldi Powder,72,300,70.5,231,29-03-2025,04-04-2025
DMart Premia Badishep,126,615,122.36,532,29-03-2025,04-04-2025
DMart Premia Kaju Tukda (Cashews),376,544,340.47,406,29-03-2025,04-04-2025
Date Crown Fard (Khajur),315,337,321.72,238,29-03-2025,04-04-2025
DMart Premia Kashmiri Chilli Powder,705,611,651.13,480,29-03-2025,04-04-2025
Mamra (Puffed Rice),60,449,55.23,345,29-03-2025,04-04-2025
DMart Premia Khas Khas,102,611,89.02,526,29-03-2025,04-04-2025
DMart Premia Lukhnowi Badishep,78,410,68.6,377,29-03-2025,04-04-2025
DMart Premia Coconut Powder,127,397,116.88,285,29-03-2025,04-04-2025
DMart Premia Cassia Taj,94,695,93.65,519,29-03-2025,04-04-2025
DMart Premia Kashmiri Chilli Powder Deluxe,380,537,388.21,508,29-03-2025,04-04-2025
DMart Premia Ajma,48,461,43.99,383,29-03-2025,04-04-2025
DMart Premia Emli,161,576,166.36,532,29-03-2025,04-04-2025
Jaggery,90,556,84.31,411,29-03-2025,04-04-2025
DMart Premia Lawang,47,318,42.69,266,29-03-2025,04-04-2025
DMart Premia Poha Patla,55,687,47.5,655,29-03-2025,04-04-2025
DMart Premia Rai Small,33,568,34.32,436,29-03-2025,04-04-2025
DMart Premia Rai,30,353,31.18,300,29-03-2025,04-04-2025
DMart Premia Guntur Chilli,41,389,40.39,347,29-03-2025,04-04-2025
DMart Premia Jeera Powder Deluxe,52,469,53.29,436,29-03-2025,04-04-2025
DMart Premia Pista Salty (Pistachio),400,626,375.29,505,29-03-2025,04-04-2025
DMart Premia Kismis Black,68,447,61.17,338,29-03-2025,04-04-2025
DMart Premia Kaju Special (Cashews) - 240,780,656,706.09,618,29-03-2025,04-04-2025
DMart Premia Dhania Powder Deluxe,150,411,148.17,400,29-03-2025,04-04-2025
DMart Premia Roasted Badishep,30,658,26.85,560,29-03-2025,04-04-2025
DMart Premia Poha Basmati,74,485,68.57,361,29-03-2025,04-04-2025
DMart Premia Kasoori Methi,86,619,79.73,549,29-03-2025,04-04-2025
DMart Premia Sabudana Small,44,472,40.18,391,29-03-2025,04-04-2025
DMart Premia Soyawadi,31,541,27.73,529,29-03-2025,04-04-2025
DMart Premia Star Anise (Badiyan),149,512,145.19,481,29-03-2025,04-04-2025
DMart Premia Masala Elaichi,498,636,432.57,476,29-03-2025,04-04-2025
DMart Premia Til Black,76,528,72.16,400,29-03-2025,04-04-2025
DMart Premia Black Pepper Powder,170,468,152.91,464,29-03-2025,04-04-2025
DMart Premia Methi,15,385,15.64,351,29-03-2025,04-04-2025
DMart Premia Red Dried Dates (Kharik),272,563,274.65,400,29-03-2025,04-04-2025
DMart Premia Haldi Powder Deluxe,215,316,184.03,231,29-03-2025,04-04-2025
DMart Premia Mixed Dry Fruits,396,658,392.15,587,29-03-2025,04-04-2025
DMart Premia Dhania Powder,53,398,55.32,281,29-03-2025,04-04-2025
DMart Premia Garam Masala Powder Deluxe,72,558,69.66,500,29-03-2025,04-04-2025
Date Crown Bumaan Dates,155,482,153.55,376,29-03-2025,04-04-2025
DMart Premia Chilli Kashmiri,98,582,95.62,571,29-03-2025,04-04-2025
DMart Premia Alsi,17,524,14.7,385,29-03-2025,04-04-2025
DMart Premia Dhaniya Dal,49,335,46.48,328,29-03-2025,04-04-2025
DMart Premia Dinkh (Edible Gum),59,699,60.82,631,29-03-2025,04-04-2025
DMart Premia Dhania Jeera Mix Khandela,68,695,67.4,623,29-03-2025,04-04-2025
DMart Premia Jaipatri (Mace),160,644,154.72,494,29-03-2025,04-04-2025
DMart Premia Malwani Masala Deluxe,135,585,129.45,448,29-03-2025,04-04-2025
Kolhapuri Surati Kurmura,80,509,73.87,360,29-03-2025,04-04-2025
DMart Premia Soyabean,69,670,70.9,508,29-03-2025,04-04-2025
DMart Premia Sugar Crystals (Khadi Shakkar),25,589,22.99,487,29-03-2025,04-04-2025
DMart Premia Bedgi Chilli,65,606,57.24,601,29-03-2025,04-04-2025
DMart Premia Amsul Wet Kokam,163,689,150.04,583,29-03-2025,04-04-2025
DMart Premia Ginger Powder,73,500,72.85,391,29-03-2025,04-04-2025
Emperor Royal Peacock Seeded Dates (Khajur),150,620,145.22,471,29-03-2025,04-04-2025
DMart Premia Tej Patta,32,336,27.36,250,29-03-2025,04-04-2025
DMart Premia Sugar Candy,34,671,29.62,473,29-03-2025,04-04-2025
DMart Premia Kismis Selected (Raisins),229,534,212.89,470,29-03-2025,04-04-2025
Falcon Zahdi Dates Seedless,160,628,158.29,465,29-03-2025,04-04-2025
Falcon UAE Dates Seedless (Khajur),200,605,192.39,425,29-03-2025,04-04-2025
DMart Premia Sabja (Basil Seeds),39,461,40.65,357,29-03-2025,04-04-2025
DMart Premia Kaju (Cashews) - 210,216,348,205.21,321,29-03-2025,04-04-2025
DMart Premia Jaifal,68,469,61.43,430,29-03-2025,04-04-2025
DMart Premia Kalvanji,52,330,53.19,290,29-03-2025,04-04-2025
DMart Premia Eating Soda,24,444,21.94,351,29-03-2025,04-04-2025
DMart Premia Dry Ginger (Sunth),84,425,74.3,375,29-03-2025,04-04-2025
Emperor Dates - Deseeded Dates,170,636,152.59,560,29-03-2025,04-04-2025
DMart Premia Kokam Rind Lonavala,131,577,134.65,513,29-03-2025,04-04-2025
Zele Kolhapuri Bhadang Kurmura Sadha,45,604,39.69,591,29-03-2025,04-04-2025
DMart Premia Reshampatti Chilli Khandela,220,678,226.46,523,29-03-2025,04-04-2025
Emperor Dates - Dates with Seed,110,418,110.57,413,29-03-2025,04-04-2025
Falcon Aqaba Dates,150,351,139.57,347,29-03-2025,04-04-2025
Falcon UAE Dates Seeded,165,452,146.14,410,29-03-2025,04-04-2025
DMart Premia Sunday Mix Masala,133,398,113.3,306,29-03-2025,04-04-2025
DMart Premia Sakariya,24,466,24.04,338,29-03-2025,04-04-2025
DMart Premia Halim,28,465,27.03,329,29-03-2025,04-04-2025
Dates Crown Deseeded Black Dates (Khajur),180,480,161.63,425,29-03-2025,04-04-2025
DMart Premia Jardalu,100,322,96.18,292,29-03-2025,04-04-2025
DMart Premia Dagad Phool (Black Stone Flower),72,650,62.45,514,29-03-2025,04-04-2025
DMart Premia Dhania Khandela,53,586,48.09,554,29-03-2025,04-04-2025
DMart Premia Nimbu Phool (Citric Acid),19,443,17.83,412,29-03-2025,04-04-2025
DMart Premia Black Dried Dates (Kharik),159,466,138.39,442,29-03-2025,04-04-2025
DMart Premia Mix Masala,135,386,131.21,335,29-03-2025,04-04-2025
DMart Premia Chana Dal,130,414,117.79,307,29-03-2025,04-04-2025
DMart Swaad Chana Dal,105,599,96.47,476,29-03-2025,04-04-2025
Tata Sampann Chana Dal,75,615,76.11,571,29-03-2025,04-04-2025
DMart Healthy Choice Unpolished Chana Dal,139,442,132.1,427,29-03-2025,04-04-2025
Tata Sampann 100% Organic Unpolished Chana Dal,230,462,219.4,409,29-03-2025,04-04-2025
Satyam Chana Dal,90,427,84.33,339,29-03-2025,04-04-2025
DMart Premia Moong Dal,183,569,170.49,448,29-03-2025,04-04-2025
DMart Swaad Moong Dal,153,685,143.3,638,29-03-2025,04-04-2025
Tata Sampann Moong Dal,205,389,202.7,387,29-03-2025,04-04-2025
DMart Premia Moong Dal Chilti,177,389,154.46,341,29-03-2025,04-04-2025
Tata Sampann Moong Chilka,94,349,97.35,276,29-03-2025,04-04-2025
Satyam Moong Dal,129,434,116.46,338,29-03-2025,04-04-2025
DMart Healthy Choice Unpolished Moong Dal,207,665,200.27,539,29-03-2025,04-04-2025
Tata Sampann 100% Organic Unpolished Moong Dal,270,521,234.74,434,29-03-2025,04-04-2025
Organic Tattva Moong Dal Yellow Split,310,631,290.96,470,29-03-2025,04-04-2025
Satyam Moong Chilti,126,675,123.88,658,29-03-2025,04-04-2025
Organic Tattva Moong Dal Whole,145,421,125.7,342,29-03-2025,04-04-2025
Tata Sampann Unpolished Toor Dal,224,633,219.44,466,29-03-2025,04-04-2025
DMart Swaad Toor Dal,156,478,140.44,386,29-03-2025,04-04-2025
DMart Premia Tur Dal Latur,187,595,181.44,545,29-03-2025,04-04-2025
DMart Premia Tur Dal Premium Gujarat,113,423,99.96,366,29-03-2025,04-04-2025
Tata Sampann 100% Organic Unpolished Toor Dal,290,545,262.94,514,29-03-2025,04-04-2025
Satyam Tur (Toor) Dal,136,522,121.25,450,29-03-2025,04-04-2025
Organic Tattva Arhar Tur Dal,365,623,314.48,477,29-03-2025,04-04-2025
DMart Healthy Choice Unpolished Toor Dal,218,679,201.37,579,29-03-2025,04-04-2025
Satyam Toor Dal Oily,139,566,128.9,491,29-03-2025,04-04-2025
Toor Dal Oily,800,583,787.64,562,29-03-2025,04-04-2025
DMart Premia Udid (Urad) Dal,205,450,200.99,374,29-03-2025,04-04-2025
DMart Swaad Urad Dal,154,401,148.3,285,29-03-2025,04-04-2025
Tata Sampann Urad Dal,235,579,245.72,543,29-03-2025,04-04-2025
DMart Premia Udid (Urad) Dal Chilti,98,300,97.22,299,29-03-2025,04-04-2025
DMart Premia Urad Dal Premium,126,485,127.53,408,29-03-2025,04-04-2025
Satyam Udid (Urad) Dal,136,501,129.01,353,29-03-2025,04-04-2025
Organic Tattva Urad Dal Whole White,175,645,175.05,467,29-03-2025,04-04-2025
Tata Sampann Organic Unpolished Urad Dal,150,321,152.17,239,29-03-2025,04-04-2025
Organic Tattva Urad Dal White Split,170,695,148.17,530,29-03-2025,04-04-2025
DMart Premia Masoor Dal,135,323,123.54,279,29-03-2025,04-04-2025
DMart Swaad Masoor Dal,120,593,105.66,439,29-03-2025,04-04-2025
Tata Sampann Masoor Dal,164,515,170.27,362,29-03-2025,04-04-2025
Satyam Masur Dal,90,475,79.31,444,29-03-2025,04-04-2025
Tata Sampan 100% Organic Unpolished Masoor Dal,120,391,110.59,318,29-03-2025,04-04-2025
DMart Premia Daliya,98,583,101.58,446,29-03-2025,04-04-2025
Satyam Dalia,59,539,53.07,508,29-03-2025,04-04-2025
DMart Premia Mix Dal,173,347,161.51,300,29-03-2025,04-04-2025
DMart Premia Rajma Kashmiri,102,530,95.1,469,29-03-2025,04-04-2025
DMart Premia Rajma White,125,527,110.65,370,29-03-2025,04-04-2025
DMart Premia Rajma Red Small,91,692,77.74,600,29-03-2025,04-04-2025
Satyam Rajma Pink,132,491,116.04,431,29-03-2025,04-04-2025
Satyam Rajma Sharmili,149,686,142.22,652,29-03-2025,04-04-2025
Tata Sampann Organic Unpolished Rajma Red,150,389,152.06,284,29-03-2025,04-04-2025
Tata Sampann Unpolished Rajma (Chitra),106,575,101.78,557,29-03-2025,04-04-2025
DMart Premia Chowli Premium,120,476,104.81,454,29-03-2025,04-04-2025
DMart Premia Chowli Small,175,318,173.41,222,29-03-2025,04-04-2025
DMart Premia Chowli Red,89,479,77.37,425,29-03-2025,04-04-2025
Satyam Chowla,168,621,157.03,449,29-03-2025,04-04-2025
DMart Premia Ranguni Wal,81,656,76.46,499,29-03-2025,04-04-2025
DMart Premia Soyawadi,31,403,30.79,370,29-03-2025,04-04-2025
Nutrela Soya Mini Chunks,50,656,46.25,559,29-03-2025,04-04-2025
Saffola Mealmaker Soya Chunks,150,580,135.67,422,29-03-2025,04-04-2025
Nutrela Soya Chunks,50,439,48.64,336,29-03-2025,04-04-2025
DMart Premia Soyabean,69,501,72.24,458,29-03-2025,04-04-2025
DMart Premia Mini Soya Chunks,34,325,29.17,227,29-03-2025,04-04-2025
Nutrela Soya Granules,50,637,43.56,555,29-03-2025,04-04-2025
DMart Premia Desi Kabuli Chana,214,388,186.33,362,29-03-2025,04-04-2025
DMart Swaad Kabuli Chana,83,312,76.86,228,29-03-2025,04-04-2025
Satyam Kabuli Chana,149,569,155.34,474,29-03-2025,04-04-2025
Organic Tattva Kabuli Chana,199,693,195.49,495,29-03-2025,04-04-2025
Tata Sampann Organic Unpolished Kabuli Chana,165,499,170.23,437,29-03-2025,04-04-2025
DMart Premia Chana Small,121,602,108.3,540,29-03-2025,04-04-2025
DMart Premia Chana Big,83,491,76.42,426,29-03-2025,04-04-2025
DMart Premia Chana Green,92,473,87.77,432,29-03-2025,04-04-2025
Satyam Chana Small,83,414,74.54,327,29-03-2025,04-04-2025
Organic Tattva Kala Chana,120,630,111.95,584,29-03-2025,04-04-2025
Tata Sampann Organic Unpolished (Kala) Chana,110,441,109.85,371,29-03-2025,04-04-2025
Satyam Chana Mosambi,109,542,104.28,413,29-03-2025,04-04-2025
Satyam Chana Green,96,362,82.08,353,29-03-2025,04-04-2025
DMart Swaad Urad Whole White,149,421,129.73,399,29-03-2025,04-04-2025
DMart Premia Udid Black,92,678,90.9,659,29-03-2025,04-04-2025
DMart Premia Udid,100,597,97.95,445,29-03-2025,04-04-2025
Satyam Udid (Urad) Whole,136,562,138.05,475,29-03-2025,04-04-2025
Tata Sampann Unpolished Urad Kali,206,630,205.54,488,29-03-2025,04-04-2025
DMart Premia Moong Whole: 1 Kg,194,329,173.03,260,29-03-2025,04-04-2025
DMart Premia Moong Whole Small,91,654,84.69,466,29-03-2025,04-04-2025
Satyam Moong Whole,129,354,110.37,332,29-03-2025,04-04-2025
DMart Premia Vatana Black,82,489,80.42,434,29-03-2025,04-04-2025
DMart Premia Matki,131,411,125.03,289,29-03-2025,04-04-2025
DMart Premia Masoor Whole,128,347,121.91,334,29-03-2025,04-04-2025
Satyam Masoor Whole,90,440,81.02,437,29-03-2025,04-04-2025
DMart Premia Vatana White,53,598,49.92,451,29-03-2025,04-04-2025
DMart Premia Vatana Green,97,661,99.86,658,29-03-2025,04-04-2025
Satyam Safed (White) Vatana,86,391,76.22,283,29-03-2025,04-04-2025
Satyam Vatana Green,129,350,120.83,245,29-03-2025,04-04-2025
Satyam Vatana Black,86,677,83.48,517,29-03-2025,04-04-2025
DMart Premia Matki Small,109,477,95.11,380,29-03-2025,04-04-2025
DMart Premia Wal,113,643,96.84,504,29-03-2025,04-04-2025
DMart Premia Mix Chana-Vatna (Sprout),78,606,80.14,552,29-03-2025,04-04-2025
DMart Premia Mix Pulse (Sprout),97,462,91.47,409,29-03-2025,04-04-2025
Satyam Math (Matki),109,662,111.29,592,29-03-2025,04-04-2025
Satyam Wal Kadwa,155,689,134.89,653,29-03-2025,04-04-2025
DMart Premia Wal Papdi,95,680,98.87,616,29-03-2025,04-04-2025
DMart Premia Groundnut,121,346,120.78,292,29-03-2025,04-04-2025
Satyam Singdana (Groundnut),117,595,105.25,463,29-03-2025,04-04-2025
Organic Tattva Groundnuts (Peanuts),185,615,184.32,560,29-03-2025,04-04-2025
24 Mantra Organic Peanut,170,321,170.9,262,29-03-2025,04-04-2025
Desi Memories Salted Peanut With Skin,90,303,86.25,268,29-03-2025,04-04-2025
Desi Memories Salted Peanut,90,630,84.86,476,29-03-2025,04-04-2025
Desi Memories Groundnut,99,332,95.63,261,29-03-2025,04-04-2025
ProV Select California Almonds,1349,359,1254.41,293,29-03-2025,04-04-2025
DMart Premia Badam (Almonds),670,412,621.06,327,29-03-2025,04-04-2025
Prov Independence California Almonds,749,495,761.68,436,29-03-2025,04-04-2025
Nutraj California Almonds,1149,384,1156.81,369,29-03-2025,04-04-2025
DMart Swaad Badam,582,615,555.0,464,29-03-2025,04-04-2025
DMart Premia Badam American,1224,462,1102.76,399,29-03-2025,04-04-2025
Wonderland California Almonds,799,681,698.4,551,29-03-2025,04-04-2025
DMart Premia Mamra Badam,691,466,719.96,361,29-03-2025,04-04-2025
Nutraj Almond,299,679,254.29,593,29-03-2025,04-04-2025
KMK Almond Mamra (Badam),750,483,731.3,372,29-03-2025,04-04-2025
DMart Premia Almonds Salted,230,630,223.65,455,29-03-2025,04-04-2025
KMK Almond American (Badam),258,526,250.94,519,29-03-2025,04-04-2025
DMart Premia Almonds Smoked,230,335,231.76,276,29-03-2025,04-04-2025
Tata Sampann California Almonds Whole,314,548,285.84,414,29-03-2025,04-04-2025
ProV Select California Almonds,749,586,685.49,555,29-03-2025,04-04-2025
Borges Almonds Blanched & Roasted,1500,387,1296.48,278,29-03-2025,04-04-2025
Borges Almonds Roasted,1400,455,1260.67,419,29-03-2025,04-04-2025
Mahaa Rajaa Ayush Almond,349,599,303.59,495,29-03-2025,04-04-2025
Mahaa Rajaa Majestic Almonds,799,693,771.95,690,29-03-2025,04-04-2025
Nutraj Cashews,699,657,719.16,493,29-03-2025,04-04-2025
Nutraj Cashew Nuts,1499,493,1369.46,400,29-03-2025,04-04-2025
Kalbavi Popular Cashews,649,368,564.74,294,29-03-2025,04-04-2025
DMart Premia Regular Kaju (Cashews) - 320,706,685,622.2,499,29-03-2025,04-04-2025
DMart Premia Kaju,680,681,603.96,565,29-03-2025,04-04-2025
ProV Select Cashews,849,421,832.38,344,29-03-2025,04-04-2025
DMart Swaad Kaju,618,674,597.67,626,29-03-2025,04-04-2025
DMart Premia Kaju Tukda (Cashews),376,483,340.33,354,29-03-2025,04-04-2025
Wonderland Cashews,770,416,702.46,376,29-03-2025,04-04-2025
Kokan Gem Goa Cashew Classic (Kaju),650,576,619.98,529,29-03-2025,04-04-2025
Kalbavi Cashews (Kaju),699,436,653.88,333,29-03-2025,04-04-2025
DMart Premia Cashew Broken,698,650,675.48,580,29-03-2025,04-04-2025
DMart Premia Kaju Special (Cashews) - 240,780,316,756.69,299,29-03-2025,04-04-2025
DMart Premia Cashews Salted,240,547,214.87,507,29-03-2025,04-04-2025
Kokan Gem Goa Cashew Premium (Kaju),750,386,682.18,305,29-03-2025,04-04-2025
DMart Premia Cashews Black Pepper,240,468,206.82,431,29-03-2025,04-04-2025
KMK Cashew Nut (Kaju),325,327,320.1,242,29-03-2025,04-04-2025
DMart Premia Kaju (Cashews) - 210,216,475,203.38,440,29-03-2025,04-04-2025
Tata Sampann Premium Cashews Whole,315,460,296.86,420,29-03-2025,04-04-2025
Mahaa Rajaa Ayush Cashew,429,307,383.76,261,29-03-2025,04-04-2025
Nutraj Pista,699,616,610.59,547,29-03-2025,04-04-2025
ProV Select California Roasted & Salted Pistachios,799,669,789.4,483,29-03-2025,04-04-2025
DMart Premia Pista Plain (Pistachios),358,430,321.07,394,29-03-2025,04-04-2025
DMart Swaad Pista,575,331,532.03,282,29-03-2025,04-04-2025
Nutraj Premium California Pistachios (Pista),379,535,324.7,408,29-03-2025,04-04-2025
DMart Premia Pista Salty (Pistachio),400,665,418.94,620,29-03-2025,04-04-2025
Wonderland Roasted & Salted California Pista,725,686,704.01,679,29-03-2025,04-04-2025
Prov Select Pistachio Roasted & Salted,1499,317,1459.4,295,29-03-2025,04-04-2025
KMK Pista Magaz,575,669,588.03,550,29-03-2025,04-04-2025
Nutraj Plain Pistachio Kernel,379,493,362.29,462,29-03-2025,04-04-2025
KMK Pista Salted Irani (Pistachios),319,577,295.58,444,29-03-2025,04-04-2025
Tata Sampann Pistachios Roasted & Salted,375,539,334.94,520,29-03-2025,04-04-2025
Mahaa Rajaa Ayush Pistachios,489,325,434.87,296,29-03-2025,04-04-2025
Date Crown Fard (Khajur),315,523,289.83,413,29-03-2025,04-04-2025
Nutraj Arabian Premium Dates,199,428,195.84,387,29-03-2025,04-04-2025
Kimia Seeded Dates,310,453,285.06,356,29-03-2025,04-04-2025
Wonderland Arabian Dates,249,352,253.8,283,29-03-2025,04-04-2025
DMart Premia Red Dried Dates (Kharik),272,376,269.62,300,29-03-2025,04-04-2025
Nutraj Kalmi Dates (Safawi),749,569,672.27,529,29-03-2025,04-04-2025
Date Crown Bumaan Dates,155,587,145.3,526,29-03-2025,04-04-2025
Farmley Dates Bites,40,307,35.18,220,29-03-2025,04-04-2025
Nutraj Dry Dates (Yellow) Chuara-Kharek Pouch,299,614,305.83,461,29-03-2025,04-04-2025
Nutraj Dry Dates (Chuara-Khareek),249,690,231.01,487,29-03-2025,04-04-2025
Date Crown Kalmi Safawi Dates,500,318,440.29,238,29-03-2025,04-04-2025
Emperor Royal Peacock Seeded Dates (Khajur),150,454,157.22,449,29-03-2025,04-04-2025
Royal Crown Arabian Delight Luxury Dates,270,309,266.77,243,29-03-2025,04-04-2025
Falcon Zahdi Dates Seedless,160,618,158.11,470,29-03-2025,04-04-2025
Falcon UAE Dates Seedless (Khajur),200,468,199.58,344,29-03-2025,04-04-2025
Al Najub Mazafati Dates,210,578,187.14,553,29-03-2025,04-04-2025
King Solomon Medjoul Natural Dates,1190,619,1224.73,550,29-03-2025,04-04-2025
Emperor Dates Iranian Muzafati,200,538,206.56,432,29-03-2025,04-04-2025
Nutraj Fard Premium Dates,349,682,358.35,477,29-03-2025,04-04-2025
Apis Royal Zahidi Premium Dates,125,348,129.41,331,29-03-2025,04-04-2025
Apis Classic Dates,199,396,190.64,336,29-03-2025,04-04-2025
Emperor Dates - Deseeded Dates,170,416,159.52,352,29-03-2025,04-04-2025
Gulf Finest Classic Dates,162,637,160.22,468,29-03-2025,04-04-2025
Al Najub Kimia Dates,310,441,308.58,368,29-03-2025,04-04-2025
Emperor Dates - Dates with Seed,110,661,96.2,507,29-03-2025,04-04-2025
Falcon Aqaba Dates,150,642,136.51,514,29-03-2025,04-04-2025
King Solomon Oriental Dates,249,443,249.95,364,29-03-2025,04-04-2025
Falcon UAE Dates Seeded,165,346,164.48,307,29-03-2025,04-04-2025
Wonderland Zahidi Dates,399,485,347.09,410,29-03-2025,04-04-2025
Royal Crown Hand Picked Mazafati Dates,261,668,229.08,658,29-03-2025,04-04-2025
Dates Crown Deseeded Black Dates (Khajur),180,301,172.67,288,29-03-2025,04-04-2025
Gulf Zahidi Dates,162,619,162.49,438,29-03-2025,04-04-2025
Farmley Omani Dates Fard Pouch,349,589,321.57,479,29-03-2025,04-04-2025
Royal Delight Finest Ajwa Dates,549,362,511.31,347,29-03-2025,04-04-2025
Emperor Premium Dates Zahidi,150,541,137.42,527,29-03-2025,04-04-2025
Azmah Dates,625,513,604.84,398,29-03-2025,04-04-2025
DMart Premia Black Dried Dates (Kharik),159,670,154.12,574,29-03-2025,04-04-2025
Al Barakah Khalas Dates,250,575,234.8,544,29-03-2025,04-04-2025
Apis Select Dates,299,383,262.17,304,29-03-2025,04-04-2025
Royal Delight Finest Oman Dates,249,652,255.74,518,29-03-2025,04-04-2025
Falcon Zahdi Dates,155,555,137.34,512,29-03-2025,04-04-2025
Al Barakah Safawi Dates,799,571,834.97,517,29-03-2025,04-04-2025
Al Barakah Fard Dates,495,613,481.62,504,29-03-2025,04-04-2025
DMart Premia Kismis Indian (Raisins),281,408,276.35,304,29-03-2025,04-04-2025
Nutraj Raisins - Kishmish,299,668,260.63,576,29-03-2025,04-04-2025
DMart Premia Kismis Black,68,592,66.42,492,29-03-2025,04-04-2025
Wonderland Raisins,300,492,269.13,411,29-03-2025,04-04-2025
KMK Black Raisins Seedless (Kismis),199,314,204.47,241,29-03-2025,04-04-2025
DMart Swaad Kismis,208,691,197.55,607,29-03-2025,04-04-2025
Prov Select Indian Raisin,599,628,576.52,603,29-03-2025,04-04-2025
Mahafruit Long Seedless Kishmish,199,605,181.33,453,29-03-2025,04-04-2025
DMart Premia Kismis Selected (Raisins),229,475,222.75,432,29-03-2025,04-04-2025
DMart Premia Kismis Black Seedless,74,377,77.05,350,29-03-2025,04-04-2025
Mahafruit Premium Quality Kishmish (Raisins),215,324,194.18,235,29-03-2025,04-04-2025
KMK Green Raisins Afghan (Kismis),215,316,223.11,255,29-03-2025,04-04-2025
Mahafruit Black Seeded Kishmish,139,412,144.27,367,29-03-2025,04-04-2025
Tata Sampann Premium Raisins Seedless,116,619,106.71,533,29-03-2025,04-04-2025
Mahaa Rajaa Ayush Black Raisins,199,391,182.81,320,29-03-2025,04-04-2025
Nutraj Daily Walnut Kernels,899,582,901.34,457,29-03-2025,04-04-2025
Nutraj California Walnut Kernels (Akrod Magaj),499,582,493.77,427,29-03-2025,04-04-2025
DMart Premia Akrod Magaj (Walnut Kernels),300,441,281.62,321,29-03-2025,04-04-2025
Nutraj California Whole Walnut (Akrod),999,458,911.03,354,29-03-2025,04-04-2025
Wonderland Walnuts,950,573,859.89,558,29-03-2025,04-04-2025
DMart Premia Akrod (Walnut) Whole,1030,673,1016.31,547,29-03-2025,04-04-2025
Nutraj Kashmir Walnut Kernels,499,420,461.52,397,29-03-2025,04-04-2025
Prov Premium Whole Walnut,649,425,625.8,414,29-03-2025,04-04-2025
Prov Premium Walnut Extra Light Halves,549,676,570.0,612,29-03-2025,04-04-2025
DMart Swaad Akrod Whole,649,536,673.62,471,29-03-2025,04-04-2025
KMK Walnut Kernel (Akrod),325,398,334.29,291,29-03-2025,04-04-2025
KMK Walnut Shell (Whole),540,387,471.38,287,29-03-2025,04-04-2025
Carnival Premium Walnut,665,646,695.8,556,29-03-2025,04-04-2025
DMart Premia Jardalu,100,500,93.52,355,29-03-2025,04-04-2025
Nutraj Premium Dryfruit Mix,699,372,724.63,325,29-03-2025,04-04-2025
DMart Premia Dryfruit Mix,529,402,482.89,350,29-03-2025,04-04-2025
Farmley Panchmeva Mix Dryfruit,599,518,602.5,414,29-03-2025,04-04-2025
DMart Premia Mixed Dry Fruits,396,532,386.9,495,29-03-2025,04-04-2025
Farmley Seed Mix,229,519,233.79,494,29-03-2025,04-04-2025
Farmley Berry Mix,349,665,339.56,486,29-03-2025,04-04-2025
Farmley Snack Mix Mexican Peri-Peri,499,601,427.87,455,29-03-2025,04-04-2025
DMart Premia Cranberry Chatpata,180,654,155.14,473,29-03-2025,04-04-2025
DMart Premia Nuts & Seeds Mix,135,446,117.43,407,29-03-2025,04-04-2025
Prov Select Dry Fruits Mix,599,340,528.06,331,29-03-2025,04-04-2025
Farmley Trail Mix,349,557,326.55,436,29-03-2025,04-04-2025
KMK Mix Mewa Cut Dry Fruits,250,647,232.93,456,29-03-2025,04-04-2025
Dried Blueberry,375,591,325.03,534,29-03-2025,04-04-2025
KMK Cranberry Whole,199,681,175.37,502,29-03-2025,04-04-2025
Dried Cranberry,160,530,148.22,497,29-03-2025,04-04-2025
DMart Premia Trail Mix,160,607,142.49,457,29-03-2025,04-04-2025
Farmley Turkish Apricots Dried Pouch,369,351,349.66,260,29-03-2025,04-04-2025
Farmley California Cranberries Dried Pouch,260,542,267.24,479,29-03-2025,04-04-2025
DMart Premia Breakfast Mix,140,393,125.03,295,29-03-2025,04-04-2025
Nutraj Snackrite,999,479,1022.72,366,29-03-2025,04-04-2025
Carnival Cocktail Mix Nuts,499,658,486.23,593,29-03-2025,04-04-2025
Nutraj Premium Panchmeva Trail Mix,699,454,635.22,450,29-03-2025,04-04-2025
Royal Traditions Snack Mix Masala Magic,150,468,151.03,331,29-03-2025,04-04-2025
Royal Traditions Snack Mix Chatpata,150,577,153.23,454,29-03-2025,04-04-2025
DMart Premia Makhana,571,409,493.88,342,29-03-2025,04-04-2025
Farmley Prasadam Makhana Pouch,595,579,515.85,504,29-03-2025,04-04-2025
Morya Phool Makhana,499,562,511.8,502,29-03-2025,04-04-2025
Khetika Naturale Premium Raw Makhana,499,343,446.79,287,29-03-2025,04-04-2025
DMart Swaad Makhana,223,392,230.82,282,29-03-2025,04-04-2025
Satyam Makhana,152,635,152.31,634,29-03-2025,04-04-2025
Farmley Himalayan Salted Makhana Jar,259,331,247.72,250,29-03-2025,04-04-2025
Farmley Peri Peri Makhana Jar,259,690,242.21,533,29-03-2025,04-04-2025
Farmley Cream & Onion Makhana Jar,259,402,250.05,379,29-03-2025,04-04-2025
Farmley Minty Pudina Makhana Jar,259,418,259.06,304,29-03-2025,04-04-2025
Farmley Tangy Tomato Makhana Jar,259,353,224.61,278,29-03-2025,04-04-2025
Farmley Cheese & Herbs Makhana,259,490,261.15,476,29-03-2025,04-04-2025
Nutraj Dried Figs (Anjeer),899,696,821.05,654,29-03-2025,04-04-2025
DMart Premia Anjeer (Figs),256,578,238.87,522,29-03-2025,04-04-2025
Nutraj Dried Anjeer,449,426,396.22,414,29-03-2025,04-04-2025
Healthy Crunch Anjeer (Figs),375,383,336.45,295,29-03-2025,04-04-2025
Prov Select Figs Anjeer,475,676,479.56,566,29-03-2025,04-04-2025
DMart Premia Dried Figs (Anjeer),940,313,848.38,253,29-03-2025,04-04-2025
KMK Anjeer (Figs),429,585,367.19,534,29-03-2025,04-04-2025
Prov Select Figs Anjeer,899,525,911.46,509,29-03-2025,04-04-2025
Fortune Sunlite Refined Sunflower Oil,200,375,181.33,363,29-03-2025,04-04-2025
Fortune Refined Sunflower Oil Tin,3050,506,3155.27,410,29-03-2025,04-04-2025
Gemini Refined Sunflower Oil,190,538,178.39,465,29-03-2025,04-04-2025
Sunrich Refined Sunflower Oil,171,508,146.12,465,29-03-2025,04-04-2025
Sunday Refined Sunflower Oil,185,396,169.26,334,29-03-2025,04-04-2025
DMart Swaad Refined Sunflower Oil (1 L),170,665,170.19,535,29-03-2025,04-04-2025
Fortune Sunlite Refined Sunflower Oil,3050,631,2700.99,621,29-03-2025,04-04-2025
Gulab Sunflower Oil Tin,3332,422,2884.84,338,29-03-2025,04-04-2025
Dhara Refined Sunflower Oil (5 L),950,607,903.5,522,29-03-2025,04-04-2025
Sunny Sun Lite Refined Sunflower Oil,930,652,940.17,647,29-03-2025,04-04-2025
Gemini Sunflower Oil Tin,2750,560,2626.45,556,29-03-2025,04-04-2025
Gemini Refined Sunflower Oil,2800,304,2749.51,238,29-03-2025,04-04-2025
Aadhar Refined Sunflower Oil Pouch,185,473,170.19,357,29-03-2025,04-04-2025
Dalda Refined Sunflower Oil Pouch (1 L),185,586,178.34,558,29-03-2025,04-04-2025
Dhara Refined Sunflower Oil (15 L),2970,334,3001.93,262,29-03-2025,04-04-2025
Sunday Refined Sunflower Oil,2965,435,3025.37,331,29-03-2025,04-04-2025
Sweekar Refined Sunflower Oil Jar,2775,581,2693.47,533,29-03-2025,04-04-2025
Sunny Sun Lite Refined Sunflower Oil Tin,2675,486,2653.12,391,29-03-2025,04-04-2025
Gulab Sunflower Oil,1157,393,1056.67,332,29-03-2025,04-04-2025
Sunrich Refined Sunflower Oil,2707,554,2603.7,511,29-03-2025,04-04-2025
Liberty Vista Ref Sunflower Oil,170,335,158.09,243,29-03-2025,04-04-2025
Sundrop Superlite Advanced Sunflower Oil (1 L),240,354,246.17,300,29-03-2025,04-04-2025
Gulab Groundnut Oil,1232,342,1250.99,282,29-03-2025,04-04-2025
Guinea Filtered Groundnut Oil (15 L),3700,307,3751.9,281,29-03-2025,04-04-2025
Dhara Filtered Groundnut Oil Pouch (1 L),240,431,223.25,415,29-03-2025,04-04-2025
Gulab Filtered Groundnut Oil (15 L),3587,612,3712.59,467,29-03-2025,04-04-2025
Fortune Filtered Groundnut Oil (1 L),240,621,235.5,552,29-03-2025,04-04-2025
Guinea Filtered Groundnut Oil (5 L),1300,631,1329.6,546,29-03-2025,04-04-2025
RRO Primio Gold Filtered Groundnut Oil,255,476,258.78,378,29-03-2025,04-04-2025
RRO Primio Refined Groundnut Oil,4000,645,3622.59,561,29-03-2025,04-04-2025
Gramiyaa Wood Cold Pressed Groundnut Oil (1 L),490,533,418.13,449,29-03-2025,04-04-2025
Tata Simply Better Cold Pressed Groundnut Oil,500,627,427.97,492,29-03-2025,04-04-2025
Guinea Lite Groundnut Oil (5 L),1300,554,1359.22,477,29-03-2025,04-04-2025
Gramiyaa Wood Cold Pressed Coconut Oil (500 ml),310,395,288.19,357,29-03-2025,04-04-2025
RRO Primio Gold Filtered Groundnut Oil (15 L),3500,329,3224.02,317,29-03-2025,04-04-2025
Swadeshi Filtered Groundnut Oil Pouch,220,382,222.6,281,29-03-2025,04-04-2025
Sunny Filtered Groundnut Oil,240,695,248.44,503,29-03-2025,04-04-2025
Saffola Active Oil (1 L),197,530,201.24,475,29-03-2025,04-04-2025
Saffola Gold Oil (1 L),197,633,185.89,628,29-03-2025,04-04-2025
Saffola Active Oil (15 L),2955,598,2747.3,453,29-03-2025,04-04-2025
Saffola Gold Oil (15 L),3055,415,3150.82,329,29-03-2025,04-04-2025
Saffola Total Pro Heart Conscious Oil Pouch (1L),237,488,231.63,401,29-03-2025,04-04-2025
Hudson Canola Oil,280,434,292.83,433,29-03-2025,04-04-2025
Fortune Rice Bran Health Oil (1 L),199,372,172.59,316,29-03-2025,04-04-2025
DMart Premia Refined Rice Bran Oil (1 L),155,385,139.34,304,29-03-2025,04-04-2025
Fortune Rice Bran Health Oil (15 L),2999,386,2827.34,317,29-03-2025,04-04-2025
Svity Kolam Rice Bran Oil Pouch (1 L),165,688,148.43,593,29-03-2025,04-04-2025
Dhara Refined Rice Bran Oil (5 L),1000,342,1047.64,253,29-03-2025,04-04-2025
Gemini Rice Bran Oil,195,450,192.57,404,29-03-2025,04-04-2025
Kings Rice Bran Physically Refined Rice Bran Oil,169,542,174.86,504,29-03-2025,04-04-2025
Ricela Refined Rice Bran Oil (1 L),195,538,197.8,465,29-03-2025,04-04-2025
Patanjali Kachi Ghani Mustard Oil (1 L),180,547,182.05,505,29-03-2025,04-04-2025
Fortune Kachi Ghani Mustard Oil Bottle (1 L),215,615,215.86,450,29-03-2025,04-04-2025
Patanjali Kachi Ghani Mustard Oil Pouch (1 L),175,366,148.92,343,29-03-2025,04-04-2025
Fortune Kachi Ghani Mustard Oil (1 L),210,481,208.7,441,29-03-2025,04-04-2025
Dhara Kachighani (Mustard) Oil (1 L),210,425,190.85,372,29-03-2025,04-04-2025
Patanjali Kachi Ghani Mustard Oil,900,588,878.8,432,29-03-2025,04-04-2025
Tez Mustard Kachchi Ghani Oil Bottle (1 L),230,616,202.26,450,29-03-2025,04-04-2025
Tata Simply Better Cold Pressed Mustard Oil,350,675,328.13,528,29-03-2025,04-04-2025
Dalda Kachi Ghani Oil (1 L),215,543,189.77,451,29-03-2025,04-04-2025
Kings Kachi Ghani Pure Mustard Oil Pouch,205,361,191.81,313,29-03-2025,04-04-2025
Tez Mustard Oil,1160,687,986.63,620,29-03-2025,04-04-2025
RRO Premium Mustard Oil,1170,505,1065.53,431,29-03-2025,04-04-2025
Kings Kachi Ghani Pure Mustard Oil Jar,1075,557,1001.42,500,29-03-2025,04-04-2025
RRO Mastdil Premium Mustard Oil Bottle (1 L),235,382,209.1,358,29-03-2025,04-04-2025
Ruchi Mahakosh Mustard Oil,215,337,201.35,270,29-03-2025,04-04-2025
Fortune Pehli Dhaar First Pressed Kachi Ghani Mustard Oil Bottle (1 L),230,643,237.79,462,29-03-2025,04-04-2025
Ruchi Gold Refined Palmolein Oil,165,327,151.43,306,29-03-2025,04-04-2025
Borges Olive Oil For Indian Cooking (2 L),4200,594,3701.96,577,29-03-2025,04-04-2025
Tilsona Til Oil Bottle (1 L),435,507,387.39,483,29-03-2025,04-04-2025
Gemini Refined Soyabean Oil (1 L),175,689,151.64,523,29-03-2025,04-04-2025
Swad Refined Soyabean Oil Pouch (1 L),160,367,140.01,288,29-03-2025,04-04-2025
Figaro Extra Light Tasting Olive Oil (2L),3499,618,3324.53,576,29-03-2025,04-04-2025
RRO Til Dil Premium Til Oil Bottle (1 L),360,698,324.37,506,29-03-2025,04-04-2025
Idhayam Gingelly Oil (1 L),459,650,417.44,598,29-03-2025,04-04-2025
Del Monte Light Olive Oil (2 L),3999,581,3700.21,464,29-03-2025,04-04-2025
KLF Coconad 100% Edible Coconut Oil (1 L),420,618,371.39,550,29-03-2025,04-04-2025
Borges Extra Virgin Olive Oil (1 L),2300,567,2263.55,536,29-03-2025,04-04-2025
Fortune Plus Soya Health Oil,185,635,169.24,623,29-03-2025,04-04-2025
Figaro Olive Oil Tin (200 ml),439,692,425.72,501,29-03-2025,04-04-2025
Leonardo Olive Pomace Oil (5 L),4750,554,4618.91,449,29-03-2025,04-04-2025
Figaro Extra Virgin Olive Oil (500 ml),1099,313,1034.43,242,29-03-2025,04-04-2025
Tata Simply Better Cold Pressed Virgin Coconut Oil,849,305,721.92,220,29-03-2025,04-04-2025
Bertolli Extra Light Tasting Olive Oil (2 L),3999,317,3552.13,279,29-03-2025,04-04-2025
Tata Simply Better Cold Pressed Sesame Oil,649,615,661.8,577,29-03-2025,04-04-2025
Leonardo Extra Light Olive Oil (2 L),3800,680,3561.56,575,29-03-2025,04-04-2025
Sunny Soya Fit Refined Soyabean Oil Pouch,165,366,151.62,277,29-03-2025,04-04-2025
Gramiyaa Wood Cold Pressed Sesame Oil (1 L),690,652,609.15,538,29-03-2025,04-04-2025
Borges Pure Olive Oil - Classic (1 L),2200,640,2068.21,461,29-03-2025,04-04-2025
Idhayam Sesame Oil Bottle (1 L),459,608,395.57,446,29-03-2025,04-04-2025
Allegro Olive Oil,399,496,352.64,428,29-03-2025,04-04-2025
Allegro Extra Light Olive Oil,3199,479,3357.99,372,29-03-2025,04-04-2025
Allegro Olive Pomace Oil,6500,333,5731.98,254,29-03-2025,04-04-2025
Radhuni Gold Refined Palmolein Oil,161,381,167.7,327,29-03-2025,04-04-2025
